{"stats":{"minecraft:picked_up":{"minecraft:birch_log":1,"minecraft:arrow":1,"minecraft:bone":4,"patchouli:guide_book":1,"minecraft:wheat_seeds":2,"minecraft:oak_log":6,"minecraft:string":2,"minecraft:dirt":32},"minecraft:custom":{"minecraft:time_since_rest":1101,"minecraft:crouch_one_cm":282,"minecraft:deaths":1,"minecraft:play_time":11823,"minecraft:sprint_one_cm":12965,"minecraft:damage_taken":298,"minecraft:walk_one_cm":13491,"minecraft:sneak_time":184,"minecraft:jump":68,"minecraft:damage_dealt":59,"minecraft:leave_game":1,"minecraft:walk_on_water_one_cm":369,"minecraft:time_since_death":1068,"minecraft:total_world_time":11823,"minecraft:fall_one_cm":2388,"minecraft:fly_one_cm":10233},"minecraft:mined":{"minecraft:grass":1},"minecraft:used":{"minecraft:birch_log":1}},"DataVersion":3465}