{"stats":{"minecraft:picked_up":{"minecraft:white_banner":2,"minecraft:pillager_spawn_egg":3,"minecraft:arrow":7,"simplehats:hatbag_rare":2,"simplehats:hatbag_common":1,"patchouli:guide_book":1,"minecraft:emerald":3,"simplehats:cowboy":1,"simplehats:baby_crewmate":1},"minecraft:killed":{"minecraft:pillager":6},"minecraft:killed_by":{"minecraft:pillager":1},"minecraft:mined":{"minecraft:grass":2,"minecraft:ice":1},"minecraft:used":{"minecraft:iron_sword":20},"minecraft:custom":{"minecraft:time_since_rest":1329,"minecraft:crouch_one_cm":95,"minecraft:sneak_time":18,"minecraft:play_time":15094,"minecraft:sprint_one_cm":13483,"minecraft:deaths":3,"minecraft:damage_taken":740,"minecraft:walk_one_cm":12713,"minecraft:walk_under_water_one_cm":17209,"minecraft:mob_kills":6,"minecraft:aviate_one_cm":23897,"minecraft:jump":127,"minecraft:damage_dealt":1600,"minecraft:leave_game":4,"minecraft:walk_on_water_one_cm":418,"minecraft:time_since_death":537,"minecraft:climb_one_cm":268,"minecraft:total_world_time":15094,"minecraft:fall_one_cm":1729,"minecraft:fly_one_cm":16813}},"DataVersion":3465}