{"stats":{"minecraft:picked_up":{"minecraft:white_banner":2,"minecraft:pillager_spawn_egg":3,"minecraft:arrow":6,"simplehats:hatbag_rare":2,"simplehats:hatbag_common":1,"patchouli:guide_book":1,"minecraft:emerald":3,"simplehats:cowboy":1,"simplehats:baby_crewmate":1},"minecraft:killed":{"minecraft:pillager":5},"minecraft:killed_by":{"minecraft:pillager":1},"minecraft:mined":{"minecraft:grass":2,"minecraft:ice":1},"minecraft:used":{"minecraft:iron_sword":17},"minecraft:custom":{"minecraft:time_since_rest":295,"minecraft:play_time":10522,"minecraft:sprint_one_cm":11863,"minecraft:deaths":2,"minecraft:damage_taken":470,"minecraft:walk_one_cm":8346,"minecraft:walk_under_water_one_cm":11859,"minecraft:mob_kills":5,"minecraft:aviate_one_cm":14137,"minecraft:jump":101,"minecraft:damage_dealt":1360,"minecraft:leave_game":3,"minecraft:time_since_death":0,"minecraft:walk_on_water_one_cm":327,"minecraft:climb_one_cm":216,"minecraft:total_world_time":10522,"minecraft:fall_one_cm":1520,"minecraft:fly_one_cm":14328}},"DataVersion":3465}