{"stats":{"minecraft:mined":{"minecraft:grass":1,"minecraft:birch_leaves":1},"minecraft:picked_up":{"minecraft:birch_log":1,"minecraft:arrow":1,"minecraft:bone":4,"patchouli:guide_book":1,"minecraft:wheat_seeds":2,"minecraft:oak_log":6,"minecraft:dirt":32,"minecraft:string":2},"minecraft:used":{"minecraft:dirt":3,"minecraft:birch_log":1},"minecraft:custom":{"minecraft:time_since_rest":17787,"minecraft:crouch_one_cm":282,"minecraft:play_time":28509,"minecraft:sprint_one_cm":14343,"minecraft:deaths":1,"minecraft:damage_taken":298,"minecraft:walk_one_cm":14712,"minecraft:sneak_time":184,"minecraft:jump":83,"minecraft:damage_dealt":59,"minecraft:leave_game":5,"minecraft:walk_on_water_one_cm":369,"minecraft:time_since_death":17754,"minecraft:total_world_time":28509,"minecraft:fall_one_cm":2388,"minecraft:fly_one_cm":11574}},"DataVersion":3465}